<?xml version="1.0" encoding="UTF-8"?>
<beans xmlns="http://www.springframework.org/schema/beans" xmlns:xsi="http://www.w3.org/2001/XMLSchema-instance" xmlns:context="http://www.springframework.org/schema/context" xsi:schemaLocation="http://www.springframework.org/schema/beans http://www.springframework.org/schema/beans/spring-beans.xsd http://www.springframework.org/schema/context http://www.springframework.org/schema/context/spring-context-4.0.xsd">
 
    <!-- to activate annotations in beans already registered in the application context -->
    <context:annotation-config />
 
    <!-- scans packages to find and register beans within the application context -->
    <context:component-scan base-package="com.fourgid.sfc" />
 
    <!-- jdbcTemplate uses dataSource -->
	<bean id="jTemplate" class="org.springframework.jdbc.core.JdbcTemplate">
		<property name="dataSource" ref="dataSource"></property>
	</bean>
	<bean id="JdbcTemplate" class="com.spring.dao.DataBaseDao">
		<property name="jdbcTemplate" ref="jTemplate"></property>
	</bean>
 
    <!-- dataSource configuration -->
    <bean id="dataSource" class="org.apache.commons.dbcp.BasicDataSource">
        <property name="driverClassName" value="oracle.jdbc.driver.OracleDriver" />
        <property name="url" value="jdbc:oracle:thin:@192.168.1.78:1521:BHRUPDS" />
        <property name="username" value="biharpdsu" />
        <property name="password" value="biharpdsu" />
    </bean>
</beans>